{"chunk_definitions":[{"row":100,"row_count":1,"visible":true,"expansion_state":0,"options":{"engine":"r","include":false,"label":"unnamed-chunk-7"},"document_id":"51AE9EDE","chunk_id":"ckusk265ctgar","chunk_label":"unnamed-chunk-3"},{"row":186,"row_count":1,"visible":true,"expansion_state":0,"options":{"engine":"r","echo":false,"eval":true,"out.width":"400px","label":"unnamed-chunk-11"},"document_id":"51AE9EDE","chunk_id":"cq95usqi9xr6c","chunk_label":"unnamed-chunk-4"},{"row":573,"row_count":1,"visible":true,"expansion_state":0,"options":{"engine":"r","label":"select_2","eval":false,"echo":false},"document_id":"CF67F4D9","chunk_id":"cua3hv3z6yrrg","chunk_label":"select_2"},{"row":590,"row_count":1,"visible":true,"expansion_state":0,"options":{"engine":"r","label":"select_3","eval":false,"echo":false},"document_id":"CF67F4D9","chunk_id":"cn7fjwc580t4z","chunk_label":"select_3"},{"row":605,"row_count":1,"visible":true,"expansion_state":0,"options":{"engine":"r","label":"select_4","eval":false,"echo":false},"document_id":"CF67F4D9","chunk_id":"c2nupqh5dpdhm","chunk_label":"select_4"},{"row":707,"row_count":1,"visible":true,"expansion_state":0,"options":{"engine":"r","label":"filter","eval":false,"echo":false},"document_id":"CF67F4D9","chunk_id":"c3wj6b1sqjd0a","chunk_label":"filter"},{"row":769,"row_count":1,"visible":true,"expansion_state":0,"options":{"engine":"r","label":"filter_1","eval":false,"echo":false},"document_id":"CF67F4D9","chunk_id":"c3aqdfgopcjdf","chunk_label":"filter_1"}],"doc_write_time":1651450229}